{
  "display": {
    "title": {
      "text": "Anti-Aircraft"
    },
    "description": {
      "text": "Kill a player while they are flying with an elytra."
    },
    "icon": {
      "item": "minecraft:elytra"
    },
    "frame": "challenge",
    "show_toast": true,
    "announce_to_chat": true,
    "hidden": false
  },
  "criteria": {
    "kill": {
      "trigger": "minecraft:player_killed_entity",
      "conditions": {
        "entity": {
          "type": "minecraft:player",
          "nbt": "{FallFlying:1b}"
        }
      }
    }
  },
  "rewards": {
    "experience": 1250
  },
  "parent": "cheezsurv:fist_kill"
}