{
  "display": {
    "title": {
      "text": "Bee Breeder"
    },
    "description": {
      "text": "Breed some bees. (Not realistic)"
    },
    "icon": {
      "item": "minecraft:dandelion"
    },
    "frame": "goal",
    "show_toast": true,
    "announce_to_chat": true,
    "hidden": false
  },
  "criteria": {
    "a": {
      "trigger": "minecraft:bred_animals",
      "conditions": {
        "child": {
          "type": "minecraft:bee"
        },
        "parent": {
          "type": "minecraft:bee"
        },
        "partner": {
          "type": "minecraft:bee"
        }
      }
    }
  },
  "rewards": {
      "experience": 100
  },
  "parent": "cheezsurv:bee_farmer"
}