{
  "display": {
    "title": {
      "text": "Colourful Arrows!"
    },
    "description": {
      "text": "Craft a tipped arrow of any kind."
    },
    "icon": {
      "item": "minecraft:tipped_arrow",
      "nbt": "{Potion:\"minecraft:harming\"}"
    },
    "frame": "goal",
    "show_toast": true,
    "announce_to_chat": true,
    "hidden": false
  },
  "criteria": {
    "a": {
      "trigger": "minecraft:inventory_changed",
      "conditions": {
        "items": [
          {
            "items": ["minecraft:tipped_arrow"]
          }
        ]
      }
    }
  },
  "rewards": {
      "experience": 50
  },
  "parent": "cheezsurv:brew_lingering_potion"
}