{
  "display": {
    "title": {
      "text": "It's a Boat Corpse!"
    },
    "description": {
      "text": "Enter a Shipwreck"
    },
    "icon": {
      "item": "minecraft:spruce_boat"
    },
    "frame": "task",
    "show_toast": true,
    "announce_to_chat": true,
    "hidden": false
  },
  "criteria": {
    "a": {
      "trigger": "minecraft:location",
      "conditions": {
        "feature": "shipwreck"
      }
    }
  },
  "rewards": {
    "experience": 50
  },
  "parent": "cheezsurv:enter_village"
}