{
  "display": {
    "title": {
      "text": "Euthanize Creeper"
    },
    "description": {
      "text": "Detonate a creeper with a flint and steel."
    },
    "icon": {
      "item": "minecraft:flint_and_steel"
    },
    "frame": "challenge",
    "show_toast": true,
    "announce_to_chat": true,
    "hidden": false
  },
  "criteria": {
    "euthanize": {
      "trigger": "minecraft:player_interacted_with_entity",
      "conditions": {
        "item": {
          "item": "minecraft:flint_and_steel"
        },
        "entity": {
          "type": "minecraft:creeper"
        }
      }
    }
  },
  "rewards": {
    "experience": 25
  },
  "parent": "cheezsurv:creeper_revenge"
}