{
  "display": {
    "title": {
      "text": "Angry Pigs"
    },
    "description": {
      "text": "Hit a zombified piglin."
    },
    "icon": {
      "item": "minecraft:golden_sword"
    },
    "frame": "task",
    "show_toast": true,
    "announce_to_chat": true,
    "hidden": false
  },
  "criteria": {
    "afdsgdfhgf": {
      "trigger": "minecraft:player_hurt_entity",
      "conditions": {
        "entity": {
          "type": "minecraft:zombified_piglin"
        }
      }
    }
  },
  "rewards": {
    "experience": 10
  },
  "parent": "cheezsurv:nether_update"
}