{
  "display": {
    "title": {
      "text": "A Pretty Evil Fish"
    },
    "description": {
      "text": "Kill a guardian"
    },
    "icon": {
      "item": "minecraft:cod"
    },
    "frame": "goal",
    "show_toast": true,
    "announce_to_chat": true,
    "hidden": false
  },
  "criteria": {
    "kill": {
      "trigger": "minecraft:player_killed_entity",
      "conditions": {
        "entity": {
          "type": "minecraft:guardian"
        }
      }
    }
  },
  "rewards": {
    "experience": 50
  },
  "parent": "cheezsurv:obtain_trident"
}