{
  "display": {
    "title": {
      "text": "Pig Jousting"
    },
    "description": {
      "text": "Kill any entity with a melee attack while riding a pig."
    },
    "icon": {
      "item": "minecraft:carrot_on_a_stick",
      "nbt": "{Enchantments:[{id:\"minecraft:sharpness\",lvl:32767s}]}"
    },
    "frame": "challenge",
    "show_toast": true,
    "announce_to_chat": true,
    "hidden": false
  },
  "criteria": {
    "piiiiiiiiiiiiiiiiiiiiig": {
      "trigger": "minecraft:player_killed_entity",
      "conditions": {
        "killing_blow": {
          "is_explosion": false,
          "is_fire": false,
          "is_magic": false,
          "is_projectile": false,
          "is_lightning": false,
          "source_entity": {
            "type": "minecraft:player",
            "nbt": "{RootVehicle:{Entity:{id:\"minecraft:pig\"}}}"
          }
        }
      }
    }
  },
  "rewards": {
    "experience": 15
  },
  "parent": "cheezsurv:kill_entity_while_riding_horse"
}