{
  "display": {
    "title": {
      "text": "Your Flight Means Nothing"
    },
    "description": {
      "text": "Kill a ghast using a melee weapon."
    },
    "icon": {
      "item": "minecraft:ghast_tear"
    },
    "frame": "challenge",
    "show_toast": true,
    "announce_to_chat": true,
    "hidden": false
  },
  "criteria": {
    "poison": {
      "trigger": "minecraft:player_killed_entity",
      "conditions": {
        "entity": {
          "type": "minecraft:ghast"
        },
        "killing_blow": {
          "is_explosion": false,
          "is_fire": false,
          "is_magic": false,
          "is_projectile": false,
          "is_lightning": false
        }
      }
    }
  },
  "rewards": {
    "experience": 75
  },
  "parent": "cheezsurv:swimming_in_lava"
}