{
  "display": {
    "title": {
      "text": "Melee Dogfight"
    },
    "description": {
      "text": "Stab a player in the air who is flying with an elytra while you are also flying with an elytra."
    },
    "icon": {
      "item": "minecraft:iron_sword",
      "nbt": "{Enchantments:[{id:\"minecraft:sharpness\",lvl:32767s}]}"
    },
    "frame": "challenge",
    "show_toast": true,
    "announce_to_chat": true,
    "hidden": false
  },
  "criteria": {
    "plaaaaaaaaane": {
      "trigger": "minecraft:player_killed_entity",
      "conditions": {
        "entity": {
          "type": "minecraft:player",
          "nbt": "{FallFlying:1b}"
        },
        "killing_blow": {
          "is_explosion": false,
          "is_fire": false,
          "is_magic": false,
          "is_projectile": false,
          "is_lightning": false,
          "source_entity": {
            "type": "minecraft:player",
            "nbt": "{FallFlying:1b}"
          }
        }
      }
    }
  },
  "rewards": {
    "experience": 250
  },
  "parent": "cheezsurv:kill_player_while_flying"
}