{
  "display": {
    "title": {
      "text": "Overpowered"
    },
    "description": {
      "text": "Obtain a Notch Apple."
    },
    "icon": {
      "item": "minecraft:enchanted_golden_apple"
    },
    "frame": "goal",
    "show_toast": true,
    "announce_to_chat": true,
    "hidden": false
  },
  "criteria": {
    "gapple": {
      "trigger": "minecraft:inventory_changed",
      "conditions": {
        "items": [
          {
            "items": ["minecraft:enchanted_golden_apple"],
            "count": {
              "min": 1
            }
          }
        ]
      }
    }
  },
  "rewards": {
      "experience": 250
  },
  "parent": "cheezsurv:obtain_golden_apple"
}