{
  "display": {
    "title": {
      "text": "Marine Pitchfork"
    },
    "description": {
      "text": "Obtain a trident."
    },
    "icon": {
      "item": "minecraft:trident"
    },
    "frame": "challenge",
    "show_toast": true,
    "announce_to_chat": true,
    "hidden": false
  },
  "criteria": {
    "fork": {
      "trigger": "minecraft:inventory_changed",
      "conditions": {
        "items": [
          {
            "items": ["minecraft:trident"]
          }
        ]
      }
    }
  },
  "rewards": {
    "experience": 50
  },
  "parent": "cheezsurv:enter_shipwreck"
}