{
  "display": {
    "title": {
      "text": "Author and/or Reader"
    },
    "description": {
      "text": "Obtain a written book."
    },
    "icon": {
      "item": "minecraft:written_book"
    },
    "frame": "task",
    "show_toast": true,
    "announce_to_chat": true,
    "hidden": false
  },
  "criteria": {
    "e": {
      "trigger": "minecraft:inventory_changed",
      "conditions": {
        "items": [
          {
            "items": ["minecraft:written_book"]
          }
        ]
      }
    }
  },
  "rewards": {
    "experience": 20
  },
  "parent": "cheezsurv:obtain_writable_book"
}