{
  "display": {
    "title": {
      "text": "Painter"
    },
    "description": {
      "text": "Collect all sixteen dyes in your inventory"
    },
    "icon": {
      "item": "minecraft:red_dye"
    },
    "frame": "goal",
    "show_toast": true,
    "announce_to_chat": true,
    "hidden": false
  },
  "criteria": {
    "dye": {
      "trigger": "minecraft:inventory_changed",
      "conditions": {
        "items": [
          {
            "items": ["minecraft:white_dye"]
          },
          {
            "items": ["minecraft:orange_dye"]
          },
          {
            "items": ["minecraft:magenta_dye"]
          },
          {
            "items": ["minecraft:light_blue_dye"]
          },
          {
            "items": ["minecraft:yellow_dye"]
          },
          {
            "items": ["minecraft:lime_dye"]
          },
          {
            "items": ["minecraft:pink_dye"]
          },
          {
            "items": ["minecraft:gray_dye"]
          },
          {
            "items": ["minecraft:light_gray_dye"]
          },
          {
            "items": ["minecraft:cyan_dye"]
          },
          {
            "items": ["minecraft:purple_dye"]
          },
          {
            "items": ["minecraft:blue_dye"]
          },
          {
            "items": ["minecraft:brown_dye"]
          },
          {
            "items": ["minecraft:green_dye"]
          },
          {
            "items": ["minecraft:red_dye"]
          },
          {
            "items": ["minecraft:black_dye"]
          }
        ]
      }
    }
  },
  "rewards": {
    "experience": 50
  },
  "parent": "cheezsurv:place_crafting_table"
}