{
  "display": {
    "title": {
      "text": "Nightmare Flesh"
    },
    "description": {
      "text": "Obtain phantom membrane."
    },
    "icon": {
      "item": "minecraft:phantom_membrane"
    },
    "frame": "challenge",
    "show_toast": true,
    "announce_to_chat": true,
    "hidden": false
  },
  "criteria": {
    "q": {
      "trigger": "minecraft:inventory_changed",
      "conditions": {
        "items": [
          {
            "items": ["minecraft:phantom_membrane"],
            "count": {
              "min": 1
            }
          }
        ]
      }
    }
  },
  "rewards": {
    "experience": 25
  },
  "parent": "cheezsurv:exploration"
}