{
  "display": {
    "title": {
      "text": "Fireproof Wood?"
    },
    "description": {
      "text": "Obtain either a warped or crimson stem."
    },
    "icon": {
      "item": "minecraft:crimson_stem"
    },
    "frame": "task",
    "show_toast": true,
    "announce_to_chat": true,
    "hidden": false
  },
  "criteria": {
    "crimson": {
      "trigger": "minecraft:inventory_changed",
      "conditions": {
        "items": [
          {
            "items": ["minecraft:crimson_stem"]
          }
        ]
      }
    },
    "warped": {
      "trigger": "minecraft:inventory_changed",
      "conditions": {
        "items": [
          {
            "items": ["minecraft:warped_stem"]
          }
        ]
      }
    }
  },
  "requirements": [
    [
      "crimson",
      "warped"
    ]
  ],
  "rewards": {
    "experience": 5
  },
  "parent": "cheezsurv:obtain_shroomlight"
}