{
  "display": {
    "title": {
      "text": "Lapis Age?"
    },
    "description": {
      "text": "Obtain lapis."
    },
    "icon": {
      "item": "minecraft:lapis_lazuli"
    },
    "frame": "goal",
    "show_toast": true,
    "announce_to_chat": true,
    "hidden": false
  },
  "criteria": {
    "e": {
      "trigger": "minecraft:inventory_changed",
      "conditions": {
        "items": [
          {
            "items": ["minecraft:lapis_lazuli"]
          }
        ]
      }
    }
  },
  "rewards": {
    "experience": 25
  },
  "parent": "cheezsurv:obtain_iron_ore"
}