{
  "display": {
    "title": {
      "text": "Diamonds Dethroned"
    },
    "description": {
      "text": "Craft a Netherite Ingot"
    },
    "icon": {
      "item": "minecraft:netherite_ingot"
    },
    "frame": "challenge",
    "show_toast": true,
    "announce_to_chat": true,
    "hidden": false
  },
  "criteria": {
    "adfdsg": {
      "trigger": "minecraft:inventory_changed",
      "conditions": {
        "items": [
          {
            "items": ["minecraft:netherite_ingot"],
            "count": {
              "min": 1
            }
          }
        ]
      }
    }
  },
  "rewards": {
    "experience": 500
  },
  "parent": "cheezsurv:nether_update"
}