{
  "display": {
    "title": {
      "text": "New Mushrooms?"
    },
    "description": {
      "text": "Obtain either warped or crimson fungus."
    },
    "icon": {
      "item": "minecraft:crimson_fungus"
    },
    "frame": "task",
    "show_toast": true,
    "announce_to_chat": true,
    "hidden": false
  },
  "criteria": {
    "crimson": {
      "trigger": "minecraft:inventory_changed",
      "conditions": {
        "items": [
          {
            "items": ["minecraft:crimson_fungus"]
          }
        ]
      }
    },
    "warped": {
      "trigger": "minecraft:inventory_changed",
      "conditions": {
        "items": [
          {
            "items": ["minecraft:warped_fungus"]
          }
        ]
      }
    }
  },
  "requirements": [
    [
      "crimson",
      "warped"
    ]
  ],
  "rewards": {
    "experience": 5
  },
  "parent": "cheezsurv:obtain_nylium"
}