{
  "display": {
    "title": {
      "text": "A Woolen Rainbow"
    },
    "description": {
      "text": "Collect all sixteen wool colours in your inventory"
    },
    "icon": {
      "item": "minecraft:orange_wool"
    },
    "frame": "goal",
    "show_toast": true,
    "announce_to_chat": true,
    "hidden": false
  },
  "criteria": {
    "wool": {
      "trigger": "minecraft:inventory_changed",
      "conditions": {
        "items": [
          {
            "items": ["minecraft:white_wool"]
          },
          {
            "items": ["minecraft:orange_wool"]
          },
          {
            "items": ["minecraft:magenta_wool"]
          },
          {
            "items": ["minecraft:light_blue_wool"]
          },
          {
            "items": ["minecraft:yellow_wool"]
          },
          {
            "items": ["minecraft:lime_wool"]
          },
          {
            "items": ["minecraft:pink_wool"]
          },
          {
            "items": ["minecraft:gray_wool"]
          },
          {
            "items": ["minecraft:light_gray_wool"]
          },
          {
            "items": ["minecraft:cyan_wool"]
          },
          {
            "items": ["minecraft:purple_wool"]
          },
          {
            "items": ["minecraft:blue_wool"]
          },
          {
            "items": ["minecraft:brown_wool"]
          },
          {
            "items": ["minecraft:green_wool"]
          },
          {
            "items": ["minecraft:red_wool"]
          },
          {
            "items": ["minecraft:black_wool"]
          }
        ]
      }
    }
  },
  "rewards": {
    "experience": 100
  },
  "parent": "cheezsurv:dye_collector"
}