{
  "display": {
    "title": {
      "text": "Teleporter Finder"
    },
    "description": {
      "text": "Obtain an ender eye."
    },
    "icon": {
      "item": "minecraft:ender_eye"
    },
    "frame": "goal",
    "show_toast": true,
    "announce_to_chat": true,
    "hidden": false
  },
  "criteria": {
    "e": {
      "trigger": "minecraft:inventory_changed",
      "conditions": {
        "items": [
          {
            "items": ["minecraft:ender_eye"],
            "count": {
              "min": 1
            }
          }
        ]
      }
    }
  },
  "rewards": {
    "experience": 15
  },
  "parent": "cheezsurv:obtain_ender_pearl"
}