{
  "display": {
    "title": {
      "text": "Isn't This Cheez?"
    },
    "description": {
      "text": "Obtain a sponge or wet sponge."
    },
    "icon": {
      "item": "minecraft:sponge"
    },
    "frame": "goal",
    "show_toast": true,
    "announce_to_chat": true,
    "hidden": false
  },
  "criteria": {
    "sponge": {
      "trigger": "minecraft:inventory_changed",
      "conditions": {
        "items": [
          {
            "items": ["minecraft:sponge"]
          }
        ]
      }
    },
    "wetSponge": {
      "trigger": "minecraft:inventory_changed",
      "conditions": {
        "items": [
          {
            "items": ["minecraft:wet_sponge"]
          }
        ]
      }
    }
  },
  "requirements": [
    [
      "sponge",
      "wetSponge"
    ]
  ],
  "rewards": {
    "experience": 10
  },
  "parent": "cheezsurv:kill_elder_guardian"
}