{
  "display": {
    "title": {
      "text": "This Disc Looks Like Netherrack"
    },
    "description": {
      "text": "Obtain a Pigstep music disc."
    },
    "icon": {
      "item": "minecraft:music_disc_pigstep"
    },
    "frame": "goal",
    "show_toast": true,
    "announce_to_chat": true,
    "hidden": false
  },
  "criteria": {
    "gapple": {
      "trigger": "minecraft:inventory_changed",
      "conditions": {
        "items": [
          {
            "items": ["minecraft:music_disc_pigstep"],
            "count": {
              "min": 1
            }
          }
        ]
      }
    }
  },
  "rewards": {
    "experience": 20
  },
  "parent": "cheezsurv:obtain_snout_pattern"
}