{
  "display": {
    "title": {
      "text": "Magic Metal Fruit"
    },
    "description": {
      "text": "Prepare to cure a zombie villager and obtain a golden apple."
    },
    "icon": {
      "item": "minecraft:golden_apple"
    },
    "frame": "task",
    "show_toast": true,
    "announce_to_chat": true,
    "hidden": false
  },
  "criteria": {
    "gapple": {
      "trigger": "minecraft:inventory_changed",
      "conditions": {
        "items": [
          {
            "items": ["minecraft:golden_apple"],
            "count": {
              "min": 1
            }
          }
        ]
      }
    }
  },
  "rewards": {
      "experience": 20
  },
  "parent": "cheezsurv:brew_weakness_potion"
}