{
  "display": {
    "title": {
      "text": "Stripmining"
    },
    "description": {
      "text": "Go stripmining between Y levels 0 and 12 in the overworld."
    },
    "icon": {
      "item": "minecraft:diamond_ore"
    },
    "frame": "task",
    "show_toast": true,
    "announce_to_chat": true,
    "hidden": false
  },
  "criteria": {
    "stripmine": {
      "trigger": "minecraft:location",
      "conditions": {
        "dimension": "overworld",
        "position": {
          "y": {
            "min": 0,
            "max": 12
          }
        }
      }
    }
  },
  "rewards": {
      "experience": 15
  },
  "parent": "cheezsurv:obtain_iron_ore"
}