{
  "display": {
    "title": {
      "text": "Do you want to build a snowman?"
    },
    "description": {
      "text": "Summon a snow golem."
    },
    "icon": {
      "item": "minecraft:snowball"
    },
    "frame": "task",
    "show_toast": true,
    "announce_to_chat": true,
    "hidden": false
  },
  "criteria": {
    "snowman": {
      "trigger": "minecraft:summoned_entity",
      "conditions": {
        "entity": {
          "type": "minecraft:snow_golem"
        }
      }
    }
  },
  "rewards": {
    "experience": 10
  },
  "parent": "cheezsurv:exploration"
}