{
  "display": {
    "title": {
      "text": "Swift Death"
    },
    "description": {
      "text": "Deal at least 20HP of damage to a player in a single hit."
    },
    "icon": {
      "item": "minecraft:diamond_axe"
    },
    "frame": "challenge",
    "show_toast": true,
    "announce_to_chat": true,
    "hidden": false
  },
  "criteria": {
    "kill": {
      "trigger": "minecraft:player_hurt_entity",
      "conditions": {
        "entity": {
          "type": "minecraft:player"
        },
        "damage": {
          "dealt": {
            "min": 20,
            "max": 32767
          }
        }
      }
    }
  },
  "rewards": {
    "experience": 100
  },
  "parent": "cheezsurv:fist_kill"
}