{
  "display": {
    "title": {
      "text": "Too Much Coal"
    },
    "description": {
      "text": "Have a stack or more of coal in your inventory."
    },
    "icon": {
      "item": "minecraft:coal"
    },
    "frame": "task",
    "show_toast": true,
    "announce_to_chat": true,
    "hidden": false
  },
  "criteria": {
    "coal": {
      "trigger": "minecraft:inventory_changed",
      "conditions": {
        "items": [
          {
            "items": ["minecraft:coal"],
            "count": {
              "min": 64
            }
          }
        ]
      }
    }
  },
  "rewards": {
      "experience": 20
  },
  "parent": "cheezsurv:obtain_coal"
}