{
  "display": {
    "title": {
      "text": "Magical Means of Mending"
    },
    "description": {
      "text": "Trade with a villager for a mending book."
    },
    "icon": {
      "item": "minecraft:enchanted_book",
      "nbt": "{StoredEnchantments:[{id:\"minecraft:mending\",lvl:1s}]}"
    },
    "frame": "challenge",
    "show_toast": true,
    "announce_to_chat": true,
    "hidden": false
  },
  "criteria": {
    "trade": {
      "trigger": "minecraft:villager_trade",
      "conditions": {
        "item": {
          "item": "minecraft:enchanted_book",
          "nbt": "{StoredEnchantments:[{id:\"minecraft:mending\",lvl:1s}]}",
          "count": {
            "min": 1,
            "max": 1
          }
        }
      }
    }
  },
  "rewards": {
    "experience": 500
  },
  "parent": "cheezsurv:trade_enchanted_book"
}