{
    "display": {
        "title": {
            "text": "Dog on the Stove"
        },
        "description": {
            "text": "Set a dog on fire and kill it."
        },
        "icon": {
            "item": "minecraft:furnace"
        },
        "frame": "goal",
        "show_toast": true,
        "announce_to_chat": true,
        "hidden": false
    },
    "criteria": {
        "murder": {
            "trigger": "minecraft:player_killed_entity",
            "conditions": {
                "entity": {
                    "type": "minecraft:wolf",
                    "flags": {
                        "is_on_fire": true
                    }
                }
            }
        }
    },
    "parent": "dog_meat:poison_dog"
}