{
    "display": {
        "title": {
            "text": "Dog Meat Factory"
        },
        "description": {
            "text": "Breed two dogs together"
        },
        "icon": {
            "item": "minecraft:rotten_flesh"
        },
        "frame": "goal",
        "show_toast": true,
        "announce_to_chat": true,
        "hidden": false
    },
    "criteria": {
        "dogBreeder": {
            "trigger": "minecraft:bred_animals",
            "conditions": {
                "child": {
                    "type": "minecraft:wolf"
                },
                "parent": {
                    "type": "minecraft:wolf"
                },
                "partner": {
                    "type": "minecraft:wolf"
                }
            }
        }
    },
    "rewards": {
        "experience": 10
    },
    "parent": "dog_meat:tame_dog"
}