{
    "display": {
        "title": {
            "text": "Dog Murder Mastery"
        },
        "description": {
            "text": "Murder a dog from more than 75 blocks away."
        },
        "icon": {
            "item": "minecraft:spectral_arrow"
        },
        "frame": "challenge",
        "show_toast": true,
        "announce_to_chat": true,
        "hidden": false
    },
    "criteria": {
        "shootDog": {
            "trigger": "minecraft:player_killed_entity",
            "conditions": {
                "entity": {
                    "type": "minecraft:wolf",
                    "distance": {
                        "absolute": {
                            "min": 75,
                            "max": 1000
                        }
                    }
                },
                "killing_blow": {
                    "is_projectile": true
                }
            }
        }
    },
    "rewards": {
        "experience": 150
    },
    "parent": "dog_meat:dog_assassin"
}