{
    "display": {
        "title": {
            "text": "Nuke Dog"
        },
        "description": {
            "text": "Blow up a dog with TNT or something."
        },
        "icon": {
            "item": "minecraft:tnt"
        },
        "frame": "goal",
        "show_toast": true,
        "announce_to_chat": true,
        "hidden": false
    },
    "criteria": {
        "nukeDog": {
            "trigger": "minecraft:player_killed_entity",
            "conditions": {
                "entity": {
                    "type": "minecraft:wolf"
                },
                "killing_blow": {
                    "is_explosion": true
                }
            }
        }
    },
    "rewards": {
        "experience": 100
    },
    "parent": "dog_meat:revenge_against_dogs"
}