{
    "display": {
        "title": {
            "text": "Poison Dog"
        },
        "description": {
            "text": "Kill a dog using potions or magic."
        },
        "icon": {
            "item": "minecraft:splash_potion"
        },
        "frame": "goal",
        "show_toast": true,
        "announce_to_chat": true,
        "hidden": false
    },
    "criteria": {
        "poisonDog": {
            "trigger": "minecraft:player_killed_entity",
            "conditions": {
                "entity": {
                    "type": "minecraft:wolf"
                },
                "killing_blow": {
                    "is_magic": true
                }
            }
        }
    },
    "rewards": {
        "experience": 100
    },
    "parent": "dog_meat:nuke_dog"
}