{
    "display": {
        "title": {
            "text": "Death to the Dogs"
        },
        "description": {
            "text": "Stab a dog to eat it!"
        },
        "icon": {
            "item": "minecraft:iron_sword"
        },
        "frame": "goal",
        "show_toast": true,
        "announce_to_chat": true,
        "hidden": false
    },
    "criteria": {
        "killDog": {
            "trigger": "minecraft:player_killed_entity",
            "conditions": {
                "entity": {
                    "type": "minecraft:wolf"
                }
            }
        }
    },
    "rewards": {
        "experience": 25
    },
    "parent": "dog_meat:murdered_by_dog"
}