{
    "display": {
        "title": {
            "text": "Dog Meat"
        },
        "description": {
            "text": "Extremely nutricious. Hoang's favourite food."
        },
        "icon": {
            "item": "minecraft:cooked_beef"
        },
        "show_toast": false,
        "announce_to_chat": false,
        "hidden": false,
        "background": "minecraft:textures/gui/advancements/backgrounds/stone.png"
    },
    "criteria": {
        "tick": {
            "trigger": "minecraft:tick"
        }
    },
    "rewards": {}
}