{
    "display": {
        "title": {
            "text": "Friends Forever?"
        },
        "description": {
            "text": "Tame a wolf and get it to trust you. Little does it know, you have no intention of being friends..."
        },
        "icon": {
            "item": "minecraft:bone"
        },
        "show_toast": true,
        "announce_to_chat": true,
        "hidden": false
    },
    "criteria": {
		"tame_animalwolf": {
			"trigger": "minecraft:tame_animal",
			"conditions": {
				"entity": {
					"type": "minecraft:wolf"
				}
			}
		}
    },
    "rewards": {
        "experience": 15
    },
    "parent": "dog_meat:root"
}