{
  "display": {
    "title": {
      "text": "Bombing Civilian Areas"
    },
    "description": {
      "text": "Kill a villager using an explosion."
    },
    "icon": {
      "item": "minecraft:tnt_minecart"
    },
    "frame": "task",
    "show_toast": true,
    "announce_to_chat": true,
    "hidden": false
  },
  "criteria": {
    "poison": {
      "trigger": "minecraft:player_killed_entity",
      "conditions": {
        "entity": {
          "type": "minecraft:villager"
        },
        "killing_blow": {
          "is_explosion": true
        }
      }
    }
  },
  "rewards": {
    "experience": 75
  },
  "parent": "cheezsurv:cruelty/chemical_warfare"
}