{
  "display": {
    "title": {
      "text": "Civilian Genocide"
    },
    "description": {
      "text": "Kill five villagers at once using a crossbow with the piercing enchantment."
    },
    "icon": {
      "item": "minecraft:crossbow",
      "nbt": "{Enchantments:[{id:\"minecraft:piercing\",lvl:4s}]}"
    },
    "frame": "challenge",
    "show_toast": true,
    "announce_to_chat": true,
    "hidden": false
  },
  "criteria": {
    "killify": {
      "trigger": "minecraft:killed_by_crossbow",
      "conditions": {
        "unique_entity_types": {
          "min": 1,
          "max": 500
        },
        "victims": [
          {
            "type": "minecraft:villager"
          },
          {
            "type": "minecraft:villager"
          },
          {
            "type": "minecraft:villager"
          },
          {
            "type": "minecraft:villager"
          },
          {
            "type": "minecraft:villager"
          }
        ]
      }
    }
  },
  "rewards": {
    "experience": 500
  },
  "parent": "cheezsurv:cruelty/mass_villager_executions"
}