{
    "display": {
        "title": {
            "text": "Efficient Dog Farming"
        },
        "description": {
            "text": "Murder a wolf while it is only a baby. MAXIMUM EFFICIENCY"
        },
        "icon": {
            "item": "minecraft:stone_axe"
        },
        "frame": "goal",
        "show_toast": true,
        "announce_to_chat": true,
        "hidden": false
    },
    "criteria": {
        "killDog": {
            "trigger": "minecraft:player_killed_entity",
            "conditions": {
                "entity": {
                    "type": "minecraft:wolf",
                    "flags": {
                        "is_baby": true
                    }
                }
            }
        }
    },
    "rewards": {
        "experience": 20
    },
    "parent": "cheezsurv:cruelty/dog_meat_factory"
}