{
    "display": {
        "title": {
            "text": "Dog Assassin"
        },
        "description": {
            "text": "Murder a dog from more than 50 blocks away."
        },
        "icon": {
            "item": "minecraft:crossbow"
        },
        "frame": "challenge",
        "show_toast": true,
        "announce_to_chat": true,
        "hidden": false
    },
    "criteria": {
        "shootDog": {
            "trigger": "minecraft:player_killed_entity",
            "conditions": {
                "entity": {
                    "type": "minecraft:wolf",
                    "distance": {
                        "absolute": {
                            "min": 50,
                            "max": 1000
                        }
                    }
                },
                "killing_blow": {
                    "is_projectile": true
                }
            }
        }
    },
    "rewards": {
        "experience": 50
    },
    "parent": "cheezsurv:cruelty/dog_sniper"
}