{
    "display": {
        "title": {
            "text": "Enemy of the People"
        },
        "description": {
            "text": "Be murdered by a village's iron golem."
        },
        "icon": {
            "item": "minecraft:carved_pumpkin"
        },
        "frame": "task",
        "show_toast": true,
        "announce_to_chat": true,
        "hidden": false
    },
    "criteria": {
        "dead": {
            "trigger": "minecraft:entity_killed_player",
            "conditions": {
                "entity": {
                    "type": "minecraft:iron_golem"
                }
            }
        }
    },
    "parent": "cheezsurv:cruelty/villager_meat"
}