{
  "display": {
    "title": {
      "text": "Mass Villager Executions"
    },
    "description": {
      "text": "Kill three villagers at once using a crossbow with the piercing enchantment."
    },
    "icon": {
      "item": "minecraft:crossbow"
    },
    "frame": "challenge",
    "show_toast": true,
    "announce_to_chat": true,
    "hidden": false
  },
  "criteria": {
    "killify": {
      "trigger": "minecraft:killed_by_crossbow",
      "conditions": {
        "unique_entity_types": {
          "min": 1,
          "max": 500
        },
        "victims": [
          {
            "type": "minecraft:villager"
          },
          {
            "type": "minecraft:villager"
          },
          {
            "type": "minecraft:villager"
          }
        ]
      }
    }
  },
  "rewards": {
    "experience": 50
  },
  "parent": "cheezsurv:cruelty/retaliatory_murder"
}