{
    "display": {
        "title": {
            "text": "Cruelty",
            "color": "dark_red"
        },
        "description": {
            "text": "Bloodlust & Warcrimes",
            "color": "red"
        },
        "icon": {
            "item": "minecraft:iron_axe"
        },
        "show_toast": false,
        "announce_to_chat": false,
        "hidden": false,
        "background": "minecraft:textures/block/gravel.png"
    },
    "criteria": {
        "tick": {
            "trigger": "minecraft:tick"
        }
    },
    "rewards": {}
}