{
    "display": {
        "title": {
            "text": "Bombing the Police"
        },
        "description": {
            "text": "Deal the final blow on an iron golem using an explosion."
        },
        "icon": {
            "item": "minecraft:tnt"
        },
        "frame": "task",
        "show_toast": true,
        "announce_to_chat": true,
        "hidden": false
    },
    "criteria": {
        "nuke": {
            "trigger": "minecraft:player_killed_entity",
            "conditions": {
                "entity": {
                    "type": "minecraft:iron_golem"
                },
                "killing_blow": {
                    "is_explosion": true
                }
            }
        }
    },
    "rewards": {
        "experience": 200
    },
    "parent": "villager_meat:anti_police_terrorism"
}