{
    "display": {
        "title": {
            "text": "Burn the Witch"
        },
        "description": {
            "text": "Kill a villager by setting it on fire using fire aspect or flame."
        },
        "icon": {
            "item": "minecraft:torch"
        },
        "frame": "task",
        "show_toast": true,
        "announce_to_chat": true,
        "hidden": false
    },
    "criteria": {
        "murder": {
            "trigger": "minecraft:player_killed_entity",
            "conditions": {
                "entity": {
                    "type": "minecraft:villager",
                    "flags": {
                        "is_on_fire": true
                    }
                }
            }
        }
    },
    "parent": "villager_meat:retaliatory_murder"
}