{
    "display": {
        "title": {
            "text": "Chemical Warfare"
        },
        "description": {
            "text": "Kill a villager using potions or magic."
        },
        "icon": {
            "item": "minecraft:tipped_arrow"
        },
        "frame": "task",
        "show_toast": true,
        "announce_to_chat": true,
        "hidden": false
    },
    "criteria": {
        "poison": {
            "trigger": "minecraft:player_killed_entity",
            "conditions": {
                "entity": {
                    "type": "minecraft:villager"
                },
                "killing_blow": {
                    "is_magic": true
                }
            }
        }
    },
    "rewards": {
        "experience": 50
    },
    "parent": "villager_meat:burn_the_witch"
}