{
    "display": {
        "title": {
            "text": "Retaliatory Murder"
        },
        "description": {
            "text": "Get revenge on the villagers and kill one of them."
        },
        "icon": {
            "item": "minecraft:iron_sword"
        },
        "frame": "task",
        "show_toast": true,
        "announce_to_chat": true,
        "hidden": false
    },
    "criteria": {
        "murder": {
            "trigger": "minecraft:player_killed_entity",
            "conditions": {
                "entity": {
                    "type": "minecraft:villager"
                }
            }
        }
    },
    "parent": "villager_meat:enemy_of_the_people"
}