{
  "display": {
    "title": {
      "text": "Yes, I Need Sixteen Beds"
    },
    "description": {
      "text": "Collect all sixteen bed colours in your inventory"
    },
    "icon": {
      "item": "minecraft:yellow_bed"
    },
    "frame": "goal",
    "show_toast": true,
    "announce_to_chat": true,
    "hidden": false
  },
  "criteria": {
    "bed": {
      "trigger": "minecraft:inventory_changed",
      "conditions": {
        "items": [
          {
            "items": ["minecraft:white_bed"]
          },
          {
            "item": ["minecraft:orange_bed"]
          },
          {
            "items": ["minecraft:magenta_bed"]
          },
          {
            "items": ["minecraft:light_blue_bed"]
          },
          {
            "items": ["minecraft:yellow_bed"]
          },
          {
            "items": ["minecraft:lime_bed"]
          },
          {
            "items": ["minecraft:pink_bed"]
          },
          {
            "items": ["minecraft:gray_bed"]
          },
          {
            "items": ["minecraft:light_gray_bed"]
          },
          {
            "items": ["minecraft:cyan_bed"]
          },
          {
            "items": ["minecraft:purple_bed"]
          },
          {
            "items": ["minecraft:blue_bed"]
          },
          {
            "items": ["minecraft:brown_bed"]
          },
          {
            "items": ["minecraft:green_bed"]
          },
          {
            "items": ["minecraft:red_bed"]
          },
          {
            "items": ["minecraft:black_bed"]
          }
        ]
      }
    }
  },
  "rewards": {
    "experience": 100
  },
  "parent": "cheezsurv:cheezsurv/wool_colours"
}