{
  "display": {
    "title": {
      "text": "Bee Farmer"
    },
    "description": {
      "text": "Place down a bee nest or bee hive."
    },
    "icon": {
      "item": "minecraft:bee_nest"
    },
    "frame": "goal",
    "show_toast": true,
    "announce_to_chat": true,
    "hidden": false
  },
  "criteria": {
    "nest": {
      "trigger": "minecraft:placed_block",
      "conditions": {
        "block": "minecraft:bee_nest"
      }
    },
    "hive": {
      "trigger": "minecraft:placed_block",
      "conditions": {
        "block": "minecraft:beehive"
      }
    }
  },
  "requirements": [
    [
      "nest",
      "hive"
    ]
  ],
  "rewards": {
    "experience": 15
  },
  "parent": "cheezsurv:cheezsurv/consume_honey"
}