{
  "display": {
    "title": {
      "text": "A Weak Brew"
    },
    "description": {
      "text": "Brew a weakness potion in preparation to cure a zombie villager."
    },
    "icon": {
      "item": "minecraft:potion",
      "nbt": "{Potion:\"minecraft:weakness\"}"
    },
    "frame": "task",
    "show_toast": true,
    "announce_to_chat": true,
    "hidden": false
  },
  "criteria": {
    "weak1": {
      "trigger": "minecraft:brewed_potion",
      "conditions": {
        "potion": "minecraft:weakness"
      }
    },
    "weak2": {
      "trigger": "minecraft:brewed_potion",
      "conditions": {
        "potion": "minecraft:long_weakness"
      }
    }
  },
  "requirements": [
    [
      "weak1",
      "weak2"
    ]
  ],
  "rewards": {
      "experience": 20
  },
  "parent": "cheezsurv:cheezsurv/villager_traitor"
}