{
  "display": {
    "title": {
      "text": "Coal Shortage"
    },
    "description": {
      "text": "Have a stack or more of charcoal in your inventory."
    },
    "icon": {
      "item": "minecraft:charcoal"
    },
    "frame": "task",
    "show_toast": true,
    "announce_to_chat": true,
    "hidden": false
  },
  "criteria": {
    "gapple": {
      "trigger": "minecraft:inventory_changed",
      "conditions": {
        "items": [
          {
            "items": ["minecraft:charcoal"],
            "count": {
              "min": 64
            }
          }
        ]
      }
    }
  },
  "rewards": {
      "experience": 5
  },
  "parent": "cheezsurv:cheezsurv/too_much_coal"
}