{
  "display": {
    "title": {
      "text": "The Cure"
    },
    "description": {
      "text": "Cure a zombie villager and get amazing discounts."
    },
    "icon": {
      "item": "minecraft:potion"
    },
    "frame": "goal",
    "show_toast": true,
    "announce_to_chat": true,
    "hidden": false
  },
  "criteria": {
    "cure": {
      "trigger": "minecraft:cured_zombie_villager",
      "conditions": {
        "villager": {
          "type": "minecraft:villager"
        }
      }
    }
  },
  "rewards": {
      "experience": 150
  },
  "parent": "cheezsurv:cheezsurv/obtain_golden_apple"
}