{
  "display": {
    "title": {
      "text": "\"Fisting the Dragon\""
    },
    "description": {
      "text": "Deal the killing blow to the ender dragon using only your fist. (Or as Matteo calls it, \"fisting the dragon\")"
    },
    "icon": {
      "item": "minecraft:dragon_egg"
    },
    "frame": "challenge",
    "show_toast": true,
    "announce_to_chat": true,
    "hidden": false
  },
  "criteria": {
    "punch": {
      "trigger": "minecraft:player_killed_entity",
      "conditions": {
          "entity": {
            "type": "minecraft:ender_dragon"
          },
          "killing_blow": {
            "source_entity": {
              "type": "minecraft:player",
              "equipment": {
                "mainhand": {
                  "item": "minecraft:air"
                }
              }
            }
          }
      }
    }
  },
  "rewards": {
      "experience": 500
  },
  "parent": "cheezsurv:cheezsurv/obtain_ender_eye"
}