{
  "display": {
    "title": {
      "text": "Invincible"
    },
    "description": {
      "text": "Eat a Notch Apple."
    },
    "icon": {
      "item": "minecraft:enchanted_golden_apple"
    },
    "frame": "goal",
    "show_toast": true,
    "announce_to_chat": true,
    "hidden": false
  },
  "criteria": {
    "eat": {
      "trigger": "minecraft:consume_item",
      "conditions": {
        "item": {
          "items": ["minecraft:enchanted_golden_apple"]
        }
      }
    }
  },
  "rewards": {
      "experience": 50
  },
  "parent": "cheezsurv:cheezsurv/obtain_notch_apple"
}