{
  "display": {
    "title": {
      "text": "So Many Cobwebs"
    },
    "description": {
      "text": "Find and enter an abandoned mineshaft"
    },
    "icon": {
      "item": "minecraft:cobweb"
    },
    "frame": "task",
    "show_toast": true,
    "announce_to_chat": true,
    "hidden": false
  },
  "criteria": {
    "mineshaft": {
      "trigger": "minecraft:location",
      "conditions": {
        "feature": "mineshaft"
      }
    }
  },
  "rewards": {
      "experience": 20
  },
  "parent": "cheezsurv:cheezsurv/exploration"
}