{
  "display": {
    "title": {
      "text": "Delicious and Crapitalist"
    },
    "description": {
      "text": "Find and enter a village"
    },
    "icon": {
      "item": "minecraft:bell"
    },
    "frame": "task",
    "show_toast": true,
    "announce_to_chat": true,
    "hidden": false
  },
  "criteria": {
    "village": {
      "trigger": "minecraft:location",
      "conditions": {
        "feature": "village"
      }
    }
  },
  "rewards": {
      "experience": 50
  },
  "parent": "cheezsurv:cheezsurv/enter_mineshaft"
}