{
  "display": {
    "title": {
      "text": "Disorientation"
    },
    "description": {
      "text": "Travel into the ring of void surrounding the main island in the end."
    },
    "icon": {
      "item": "minecraft:compass"
    },
    "frame": "challenge",
    "show_toast": true,
    "announce_to_chat": true,
    "hidden": false
  },
  "criteria": {
    "pz": {
      "trigger": "minecraft:location",
      "conditions": {
        "dimension": "the_end",
        "position": {
          "x": {
            "min": -800,
            "max": 800
          },
          "z": {
            "min": 200,
            "max": 800
          }
        }
      }
    },
    "nz": {
      "trigger": "minecraft:location",
      "conditions": {
        "dimension": "the_end",
        "position": {
          "x": {
            "min": -800,
            "max": 800
          },
          "z": {
            "min": -200,
            "max": -800
          }
        }
      }
    },
    "nx": {
      "trigger": "minecraft:location",
      "conditions": {
        "dimension": "the_end",
        "position": {
          "x": {
            "min": -800,
            "max": -200
          },
          "z": {
            "min": -200,
            "max": 200
          }
        }
      }
    },
    "px": {
      "trigger": "minecraft:location",
      "conditions": {
        "dimension": "the_end",
        "position": {
          "x": {
            "min": 200,
            "max": 800
          },
          "z": {
            "min": -200,
            "max": 200
          }
        }
      }
    }
  },
  "requirements": [
    [
      "pz",
      "nz",
      "nx",
      "px"
    ]
  ],
  "rewards": {
    "experience": 750
  },
  "parent": "cheezsurv:cheezsurv/obtain_end_crystal"
}