{
  "display": {
    "title": {
      "text": "Mushrooms!"
    },
    "description": {
      "text": "But no grass. Find a mushroom fields or mushroom fields shore biome."
    },
    "icon": {
      "item": "minecraft:mycelium"
    },
    "frame": "task",
    "show_toast": true,
    "announce_to_chat": true,
    "hidden": false
  },
  "criteria": {
      "main": {
        "trigger": "minecraft:location",
        "conditions": {
          "biome": "minecraft:mushroom_fields"
        }
      },
      "shore": {
        "trigger": "minecraft:location",
        "conditions": {
          "biome": "minecraft:mushroom_field_shore"
        }
      }
  },
  "requirements": [
    [
      "main",
      "shore"
    ]
  ],
  "rewards": {
    "experience": 100
  },
  "parent": "cheezsurv:cheezsurv/exploration"
}