{
  "display": {
    "title": {
      "text": "Exploration"
    },
    "description": {
      "text": "Have a map or filled map in your inventory."
    },
    "icon": {
      "item": "minecraft:filled_map"
    },
    "frame": "task",
    "show_toast": true,
    "announce_to_chat": true,
    "hidden": false
  },
  "criteria": {
    "getMap": {
      "trigger": "minecraft:inventory_changed",
      "conditions": {
        "items": [
          {
            "items": ["minecraft:map"],
            "count": {
              "min": 1
            }
          }
        ]
      }
    },
    "getFilledMap": {
      "trigger": "minecraft:inventory_changed",
      "conditions": {
        "items": [
          {
            "items": ["minecraft:filled_map"],
            "count": {
              "min": 1
            }
          }
        ]
      }
    }
  },
  "requirements": [
    [
      "getMap",
      "getFilledMap"
    ]
  ],
  "rewards": {
      "experience": 15
  },
  "parent": "cheezsurv:cheezsurv/root"
}