{
  "display": {
    "title": {
      "text": "Cat Killer"
    },
    "description": {
      "translate": "Kill one of every type of cat."
    },
    "icon": {
      "item": "minecraft:string"
    },
    "frame": "challenge",
    "show_toast": true,
    "announce_to_chat": true,
    "hidden": false
  },
  "criteria": {
    "tabby": {
      "trigger": "minecraft:player_killed_entity",
      "conditions": {
        "entity": {
          "type": "minecraft:cat",
          "nbt": "{CatType:0}"
        }
      }
    },
    "black": {
      "trigger": "minecraft:player_killed_entity",
      "conditions": {
        "entity": {
          "type": "minecraft:cat",
          "nbt": "{CatType:1}"
        }
      }
    },
    "red": {
      "trigger": "minecraft:player_killed_entity",
      "conditions": {
        "entity": {
          "type": "minecraft:cat",
          "nbt": "{CatType:2}"
        }
      }
    },
    "siamese": {
      "trigger": "minecraft:player_killed_entity",
      "conditions": {
        "entity": {
          "type": "minecraft:cat",
          "nbt": "{CatType:3}"
        }
      }
    },
    "british_shorthair": {
      "trigger": "minecraft:player_killed_entity",
      "conditions": {
        "entity": {
          "type": "minecraft:cat",
          "nbt": "{CatType:4}"
        }
      }
    },
    "calico": {
      "trigger": "minecraft:player_killed_entity",
      "conditions": {
        "entity": {
          "type": "minecraft:cat",
          "nbt": "{CatType:5}"
        }
      }
    },
    "persian": {
      "trigger": "minecraft:player_killed_entity",
      "conditions": {
        "entity": {
          "type": "minecraft:cat",
          "nbt": "{CatType:6}"
        }
      }
    },
    "ragdoll": {
      "trigger": "minecraft:player_killed_entity",
      "conditions": {
        "entity": {
          "type": "minecraft:cat",
          "nbt": "{CatType:7}"
        }
      }
    },
    "white": {
      "trigger": "minecraft:player_killed_entity",
      "conditions": {
        "entity": {
          "type": "minecraft:cat",
          "nbt": "{CatType:8}"
        }
      }
    },
    "jellie": {
      "trigger": "minecraft:player_killed_entity",
      "conditions": {
        "entity": {
          "type": "minecraft:cat",
          "nbt": "{CatType:9}"
        }
      }
    },
    "all_black": {
      "trigger": "minecraft:player_killed_entity",
      "conditions": {
        "entity": {
          "type": "minecraft:cat",
          "nbt": "{CatType:10}"
        }
      }
    }
  },
  "requirements": [
    [
      "tabby"
    ],
    [
      "black"
    ],
    [
      "red"
    ],
    [
      "siamese"
    ],
    [
      "british_shorthair"
    ],
    [
      "calico"
    ],
    [
      "persian"
    ],
    [
      "ragdoll"
    ],
    [
      "white"
    ],
    [
      "jellie"
    ],
    [
      "all_black"
    ]
  ],
  "rewards": {
    "experience": 50
  },
  "parent": "cheezsurv:cheezsurv/murder"
}