{
  "display": {
    "title": {
      "text": "I'm a Fighter Plane"
    },
    "description": {
      "text": "Shoot and kill a PLAYER while flying with an elytra."
    },
    "icon": {
      "item": "minecraft:elytra",
      "nbt": "{Enchantments:[{id:\"minecraft:sharpness\",lvl:32767s}]}"
    },
    "frame": "challenge",
    "show_toast": true,
    "announce_to_chat": true,
    "hidden": false
  },
  "criteria": {
    "plaaaaaaaaane": {
      "trigger": "minecraft:player_killed_entity",
      "conditions": {
        "entity": {
          "type": "minecraft:player"
        },
        "killing_blow": {
          "is_projectile": true,
          "source_entity": {
            "type": "minecraft:player",
            "nbt": "{FallFlying:1b}"
          }
        }
      }
    }
  },
  "rewards": {
    "experience": 250
  },
  "parent": "cheezsurv:cheezsurv/fly_by"
}