{
  "display": {
    "title": {
      "text": "Nuke Dolphin"
    },
    "description": {
      "text": "Kill a dolphin with an explosion."
    },
    "icon": {
      "item": "minecraft:tnt"
    },
    "frame": "goal",
    "show_toast": true,
    "announce_to_chat": true,
    "hidden": false
  },
  "criteria": {
    "poison": {
      "trigger": "minecraft:player_killed_entity",
      "conditions": {
        "entity": {
          "type": "minecraft:dolphin"
        },
        "killing_blow": {
          "is_explosion": true
        }
      }
    }
  },
  "rewards": {
    "experience": 35
  },
  "parent": "cheezsurv:cheezsurv/enter_shipwreck"
}