{
  "display": {
    "title": {
      "text": "Three Headed Pushover"
    },
    "description": {
      "text": "Kill a Wither"
    },
    "icon": {
      "item": "minecraft:nether_star"
    },
    "frame": "challenge",
    "show_toast": true,
    "announce_to_chat": true,
    "hidden": false
  },
  "criteria": {
    "killWither": {
      "trigger": "minecraft:player_killed_entity",
      "conditions": {
        "entity": {
          "type": "minecraft:wither"
        }
      }
    }
  },
  "rewards": {
      "experience": 150
  },
  "parent": "cheezsurv:cheezsurv/eat_notch_apple"
}