{
  "display": {
    "title": {
      "text": "A Very Evil Fish"
    },
    "description": {
      "text": "Kill an elder guardian"
    },
    "icon": {
      "item": "minecraft:prismarine_shard"
    },
    "frame": "challenge",
    "show_toast": true,
    "announce_to_chat": true,
    "hidden": false
  },
  "criteria": {
    "kill": {
      "trigger": "minecraft:player_killed_entity",
      "conditions": {
        "entity": {
          "type": "minecraft:elder_guardian"
        }
      }
    }
  },
  "rewards": {
    "experience": 120
  },
  "parent": "cheezsurv:cheezsurv/kill_guardian"
}