{
  "display": {
    "title": {
      "text": "Deadly Netherite"
    },
    "description": {
      "text": "Kill a player using a netherite pickaxe, sword, shovel, axe, hoe, scrap, ingot, and block."
    },
    "icon": {
      "item": "minecraft:netherite_ingot"
    },
    "frame": "challenge",
    "show_toast": true,
    "announce_to_chat": true,
    "hidden": false
  },
  "criteria": {
    "pickaxe": {
      "trigger": "minecraft:player_killed_entity",
      "conditions": {
        "entity": {
          "type": "minecraft:player"
        },
        "killing_blow": {
          "source_entity": {
            "type": "minecraft:player",
            "equipment": {
              "mainhand": {
                "items": ["minecraft:netherite_pickaxe"]
              }
            }
          }
        }
      }
    },
    "sword": {
      "trigger": "minecraft:player_killed_entity",
      "conditions": {
        "entity": {
          "type": "minecraft:player"
        },
        "killing_blow": {
          "source_entity": {
            "type": "minecraft:player",
            "equipment": {
              "mainhand": {
                "items": ["minecraft:netherite_sword"]
              }
            }
          }
        }
      }
    },
    "shovel": {
      "trigger": "minecraft:player_killed_entity",
      "conditions": {
        "entity": {
          "type": "minecraft:player"
        },
        "killing_blow": {
          "source_entity": {
            "type": "minecraft:player",
            "equipment": {
              "mainhand": {
                "items": ["minecraft:netherite_shovel"]
              }
            }
          }
        }
      }
    },
    "axe": {
      "trigger": "minecraft:player_killed_entity",
      "conditions": {
        "entity": {
          "type": "minecraft:player"
        },
        "killing_blow": {
          "source_entity": {
            "type": "minecraft:player",
            "equipment": {
              "mainhand": {
                "items": ["minecraft:netherite_axe"]
              }
            }
          }
        }
      }
    },
    "hoe": {
      "trigger": "minecraft:player_killed_entity",
      "conditions": {
        "entity": {
          "type": "minecraft:player"
        },
        "killing_blow": {
          "source_entity": {
            "type": "minecraft:player",
            "equipment": {
              "mainhand": {
                "items": ["minecraft:netherite_hoe"]
              }
            }
          }
        }
      }
    },
    "scrap": {
      "trigger": "minecraft:player_killed_entity",
      "conditions": {
        "entity": {
          "type": "minecraft:player"
        },
        "killing_blow": {
          "source_entity": {
            "type": "minecraft:player",
            "equipment": {
              "mainhand": {
                "items": ["minecraft:netherite_scrap"]
              }
            }
          }
        }
      }
    },
    "ingot": {
      "trigger": "minecraft:player_killed_entity",
      "conditions": {
        "entity": {
          "type": "minecraft:player"
        },
        "killing_blow": {
          "source_entity": {
            "type": "minecraft:player",
            "equipment": {
              "mainhand": {
                "items": ["minecraft:netherite_ingot"]
              }
            }
          }
        }
      }
    },
    "block": {
      "trigger": "minecraft:player_killed_entity",
      "conditions": {
        "entity": {
          "type": "minecraft:player"
        },
        "killing_blow": {
          "source_entity": {
            "type": "minecraft:player",
            "equipment": {
              "mainhand": {
                "items": ["minecraft:netherite_block"]
              }
            }
          }
        }
      }
    }
  },
  "requirements": [
    [
      "pickaxe"
    ],
    [
      "sword"
    ],
    [
      "shovel"
    ],
    [
      "axe"
    ],
    [
      "hoe"
    ],
    [
      "scrap"
    ],
    [
      "ingot"
    ],
    [
      "block"
    ]
  ],
  "rewards": {
    "experience": 500
  },
  "parent": "cheezsurv:cheezsurv/fist_kill"
}