{
  "display": {
    "title": {
      "text": "Once a Zombie, Always a Zombie"
    },
    "description": {
      "text": "Kill a zombie villager"
    },
    "icon": {
      "item": "minecraft:rotten_flesh"
    },
    "frame": "task",
    "show_toast": true,
    "announce_to_chat": true,
    "hidden": false
  },
  "criteria": {
    "kill": {
      "trigger": "minecraft:player_killed_entity",
      "conditions": {
        "entity": {
          "type": "minecraft:zombie_villager"
        }
      }
    }
  },
  "rewards": {
      "experience": 5
  },
  "parent": "cheezsurv:cheezsurv/villager_traitor"
}