{
  "display": {
    "title": {
      "text": "Magic Hoe"
    },
    "description": {
      "text": "Enchant a diamond hoe at an enchanting table."
    },
    "icon": {
      "item": "minecraft:diamond_hoe",
      "nbt": "{Enchantments:[{id:\"minecraft:sharpness\",lvl:32767s}]}"
    },
    "frame": "goal",
    "show_toast": true,
    "announce_to_chat": true,
    "hidden": false
  },
  "criteria": {
    "getEmerald": {
      "trigger": "minecraft:enchanted_item",
      "conditions": {
        "item": {
          "items": ["minecraft:diamond_hoe"]
        }
      }
    }
  },
  "rewards": {
      "experience": 150
  },
  "parent": "cheezsurv:cheezsurv/trade_diamond_hoe"
}