{
  "display": {
    "title": {
      "text": "Redstone Age"
    },
    "description": {
      "text": "Obtain redstone."
    },
    "icon": {
      "item": "minecraft:redstone"
    },
    "frame": "goal",
    "show_toast": true,
    "announce_to_chat": true,
    "hidden": false
  },
  "criteria": {
    "e": {
      "trigger": "minecraft:inventory_changed",
      "conditions": {
        "items": [
          {
            "items": ["minecraft:redstone"]
          }
        ]
      }
    }
  },
  "rewards": {
    "experience": 150
  },
  "parent": "cheezsurv:cheezsurv/obtain_iron_ore"
}