{
  "display": {
    "title": {
      "text": "Decapitation"
    },
    "description": {
      "text": "Obtain a player head."
    },
    "icon": {
      "item": "minecraft:player_head",
      "nbt": "{SkullOwner:{Name:\"Notch\"}}"
    },
    "frame": "task",
    "show_toast": true,
    "announce_to_chat": true,
    "hidden": false
  },
  "criteria": {
    "gapple": {
      "trigger": "minecraft:inventory_changed",
      "conditions": {
        "items": [
          {
            "items": ["minecraft:player_head"],
            "count": {
              "min": 1
            }
          }
        ]
      }
    }
  },
  "rewards": {
      "experience": 10
  },
  "parent": "cheezsurv:cheezsurv/murder"
}