{
  "display": {
    "title": {
      "text": "Golden Age"
    },
    "description": {
      "text": "Obtain gold ore."
    },
    "icon": {
      "item": "minecraft:gold_ore"
    },
    "frame": "task",
    "show_toast": true,
    "announce_to_chat": true,
    "hidden": false
  },
  "criteria": {
    "e": {
      "trigger": "minecraft:inventory_changed",
      "conditions": {
        "items": [
          {
            "items": ["minecraft:gold_ore"]
          }
        ]
      }
    }
  },
  "rewards": {
    "experience": 50
  },
  "parent": "cheezsurv:cheezsurv/obtain_iron_ore"
}