{
  "display": {
    "title": {
      "text": "Iron Age"
    },
    "description": {
      "text": "Obtain iron ore."
    },
    "icon": {
      "item": "minecraft:iron_ore"
    },
    "frame": "goal",
    "show_toast": true,
    "announce_to_chat": true,
    "hidden": false
  },
  "criteria": {
    "e": {
      "trigger": "minecraft:inventory_changed",
      "conditions": {
        "items": [
          {
            "items": ["minecraft:raw_iron"]
          }
        ]
      }
    }
  },
  "rewards": {
    "experience": 250
  },
  "parent": "cheezsurv:cheezsurv/obtain_coal"
}