{
  "display": {
    "title": {
      "text": "Purple Tools"
    },
    "description": {
      "text": "Get a full set of netherite tools (pickaxe, sword, axe, shovel, hoe) in your inventory."
    },
    "icon": {
      "item": "minecraft:netherite_pickaxe"
    },
    "frame": "challenge",
    "show_toast": true,
    "announce_to_chat": true,
    "hidden": false
  },
  "criteria": {
    "netherite": {
      "trigger": "minecraft:inventory_changed",
      "conditions": {
        "items": [
          {
            "items": ["minecraft:netherite_pickaxe"]
          },
          {
            "items": ["minecraft:netherite_sword"]
          },
          {
            "items": ["minecraft:netherite_axe"]
          },
          {
            "items": ["minecraft:netherite_shovel"]
          },
          {
            "items": ["minecraft:netherite_hoe"]
          }
        ]
      }
    }
  },
  "rewards": {
    "experience": 50
  },
  "parent": "cheezsurv:cheezsurv/obtain_netherite_ingot"
}