{
  "display": {
    "title": {
      "text": "An Excellent Use of a Diamond"
    },
    "description": {
      "text": "Obtain a jukebox."
    },
    "icon": {
      "item": "minecraft:jukebox"
    },
    "frame": "goal",
    "show_toast": true,
    "announce_to_chat": true,
    "hidden": false
  },
  "criteria": {
    "e": {
      "trigger": "minecraft:inventory_changed",
      "conditions": {
        "items": [
          {
            "items": ["minecraft:jukebox"]
          }
        ]
      }
    }
  },
  "rewards": {
    "experience": 20
  },
  "parent": "cheezsurv:cheezsurv/place_crafting_table"
}