{
  "display": {
    "title": {
      "text": "Record Collector"
    },
    "description": [
      {
        "text": "Have all 13 music discs in Minecraft in your inventory.\n"
      },
      {
        "text": "(13, Cat, Blocks, Chirp, Far, Mall, Mellohi, Stal, Strad, Ward, 11, Wait, Pigstep)",
        "italic": true,
        "color": "gray"
      }
    ],
    "icon": {
      "item": "minecraft:music_disc_chirp"
    },
    "frame": "challenge",
    "show_toast": true,
    "announce_to_chat": true,
    "hidden": false
  },
  "criteria": {
    "discs": {
      "trigger": "minecraft:inventory_changed",
      "conditions": {
        "items": [
          {
            "items": ["minecraft:music_disc_13"]
          },
          {
            "items": ["minecraft:music_disc_cat"]
          },
          {
            "items": ["minecraft:music_disc_blocks"]
          },
          {
            "items": ["minecraft:music_disc_chirp"]
          },
          {
            "items": ["minecraft:music_disc_far"]
          },
          {
            "items": ["minecraft:music_disc_mall"]
          },
          {
            "items": ["minecraft:music_disc_mellohi"]
          },
          {
            "items": ["minecraft:music_disc_stal"]
          },
          {
            "items": ["minecraft:music_disc_strad"]
          },
          {
            "items": ["minecraft:music_disc_ward"]
          },
          {
            "items": ["minecraft:music_disc_11"]
          },
          {
            "items": ["minecraft:music_disc_wait"]
          },
          {
            "items": ["minecraft:music_disc_pigstep"]
          }
        ]
      }
    }
  },
  "rewards": {
    "experience": 50
  },
  "parent": "cheezsurv:cheezsurv/dye_collector"
}