{
  "display": {
    "title": {
      "text": "Purple Turtle Corpse"
    },
    "description": {
      "text": "Obtain a shulker shell."
    },
    "icon": {
      "item": "minecraft:shulker_shell"
    },
    "frame": "goal",
    "show_toast": true,
    "announce_to_chat": true,
    "hidden": false
  },
  "criteria": {
    "q": {
      "trigger": "minecraft:inventory_changed",
      "conditions": {
        "items": [
          {
            "items": ["minecraft:shulker_shell"]
          }
        ]
      }
    }
  },
  "rewards": {
    "experience": 100
  },
  "parent": "cheezsurv:cheezsurv/obtain_notch_apple"
}