{
  "display": {
    "title": {
      "text": "Penultimate Umbrella"
    },
    "description": {
      "text": "Obtain a diamond pickaxe."
    },
    "icon": {
      "item": "minecraft:diamond_pickaxe"
    },
    "frame": "goal",
    "show_toast": true,
    "announce_to_chat": true,
    "hidden": false
  },
  "criteria": {
    "diamondPick": {
      "trigger": "minecraft:inventory_changed",
      "conditions": {
        "items": [
          {
            "items": ["minecraft:diamond_pickaxe"]
          }
        ]
      }
    }
  },
  "rewards": {
    "experience": 100
  },
  "parent": "cheezsurv:cheezsurv/stripmining"
}