{
  "display": {
    "title": {
      "text": "Human Teleporter"
    },
    "description": {
      "text": "Obtain an ender pearl."
    },
    "icon": {
      "item": "minecraft:ender_pearl"
    },
    "frame": "challenge",
    "show_toast": true,
    "announce_to_chat": true,
    "hidden": false
  },
  "criteria": {
    "e": {
      "trigger": "minecraft:inventory_changed",
      "conditions": {
        "items": [
          {
            "items": ["minecraft:ender_pearl"],
            "count": {
              "min": 1
            }
          }
        ]
      }
    }
  },
  "rewards": {
    "experience": 50
  },
  "parent": "cheezsurv:cheezsurv/exploration"
}