{
  "display": {
    "title": {
      "text": "I Have a Bomb"
    },
    "description": {
      "text": "Obtain an end crystal."
    },
    "icon": {
      "item": "minecraft:end_crystal"
    },
    "frame": "goal",
    "show_toast": true,
    "announce_to_chat": true,
    "hidden": false
  },
  "criteria": {
    "gapple": {
      "trigger": "minecraft:inventory_changed",
      "conditions": {
        "items": [
          {
            "items": ["minecraft:end_crystal"],
            "count": {
              "min": 1
            }
          }
        ]
      }
    }
  },
  "rewards": {
    "experience": 5
  },
  "parent": "cheezsurv:cheezsurv/dragon_punching"
}