{
  "display": {
    "title": {
      "text": "Crapitalism"
    },
    "description": {
      "text": "Sell something to a villager to get an emerald."
    },
    "icon": {
      "item": "minecraft:emerald"
    },
    "frame": "goal",
    "show_toast": true,
    "announce_to_chat": true,
    "hidden": false
  },
  "criteria": {
    "getEmerald": {
      "trigger": "minecraft:villager_trade",
      "conditions": {
        "item": {
          "item": "minecraft:emerald"
        }
      }
    }
  },
  "rewards": {
      "experience": 5
  },
  "parent": "cheezsurv:cheezsurv/root"
}