{
  "display": {
    "title": {
      "text": "Sharp Hoe"
    },
    "description": {
      "text": "Kill something using a diamond hoe."
    },
    "icon": {
      "item": "minecraft:diamond_hoe",
      "nbt": "{Enchantments:[{id:\"minecraft:sharpness\",lvl:32767s}]}"
    },
    "frame": "goal",
    "show_toast": true,
    "announce_to_chat": true,
    "hidden": false
  },
  "criteria": {
    "poison": {
      "trigger": "minecraft:player_killed_entity",
      "conditions": {
        "killing_blow": {
          "source_entity": {
            "type": "minecraft:player",
            "equipment": {
              "mainhand": {
                "items": ["minecraft:diamond_hoe"]
              }
            }
          }
        }
      }
    }
  },
  "rewards": {
    "experience": 5
  },
  "parent": "cheezsurv:cheezsurv/magic_hoe"
}