{
  "display": {
    "title": {
      "text": "Hold Still!"
    },
    "description": {
      "text": "Shoot a bat with an arrow."
    },
    "icon": {
      "item": "minecraft:bow"
    },
    "frame": "challenge",
    "show_toast": true,
    "announce_to_chat": true,
    "hidden": false
  },
  "criteria": {
    "punasfshfgjhch": {
      "trigger": "minecraft:player_killed_entity",
      "conditions": {
          "entity": {
            "type": "minecraft:bat"
          },
          "killing_blow": {
            "is_projectile": true,
            "source_entity": {
              "type": "minecraft:player"
            }
          }
      }
    }
  },
  "rewards": {
      "experience": 100
  },
  "parent": "cheezsurv:cheezsurv/blown_up_by_creeper"
}