{
  "display": {
    "title": {
      "text": "Sneaky"
    },
    "description": {
      "text": "View a player through a spyglass."
    },
    "icon": {
      "item": "minecraft:spyglass"
    },
    "frame": "task",
    "show_toast": true,
    "announce_to_chat": true,
    "hidden": false
  },
  "criteria": {
    "spy": {
      "trigger": "minecraft:using_item",
      "conditions": {
        "player": [
          {
            "condition": "minecraft:entity_properties",
            "predicate": {
              "player": {
                "looking_at": {
                  "type": "minecraft:player"
                }
              }
            },
            "entity": "this"
          }
        ],
        "item": {
          "items": ["minecraft:spyglass"]
        }
      }
    }
  },
  "rewards": {
    "experience": 15
  },
  "parent": "cheezsurv:cheezsurv/exploration"
}