{
  "display": {
    "title": {
      "text": "Swimming in the Beach"
    },
    "description": {
      "text": "Suffocate in sand."
    },
    "icon": {
      "item": "minecraft:sand"
    },
    "frame": "task",
    "show_toast": true,
    "announce_to_chat": true,
    "hidden": false
  },
  "criteria": {
    "caveIn": {
      "trigger": "minecraft:enter_block",
      "conditions": {
        "block": "minecraft:sand"
      }
    }
  },
  "rewards": {
      "experience": 25
  },
  "parent": "cheezsurv:cheezsurv/cave_in"
}