{
  "display": {
    "title": {
      "text": "Too Too Much Coal"
    },
    "description": {
      "text": "Have a stack or more of coal blocks in your inventory."
    },
    "icon": {
      "item": "minecraft:coal_block"
    },
    "frame": "goal",
    "show_toast": true,
    "announce_to_chat": true,
    "hidden": false
  },
  "criteria": {
    "coal": {
      "trigger": "minecraft:inventory_changed",
      "conditions": {
        "items": [
          {
            "items": ["minecraft:coal_block"],
            "count": {
              "min": 64
            }
          }
        ]
      }
    }
  },
  "rewards": {
      "experience": 100
  },
  "parent": "cheezsurv:cheezsurv/too_much_coal"
}