{
  "display": {
    "title": {
      "text": "Reckless Spending"
    },
    "description": {
      "text": "Purchase a diamond hoe from a toolsmith villager."
    },
    "icon": {
      "item": "minecraft:diamond_hoe"
    },
    "frame": "challenge",
    "show_toast": true,
    "announce_to_chat": true,
    "hidden": false
  },
  "criteria": {
    "getEmerald": {
      "trigger": "minecraft:villager_trade",
      "conditions": {
        "item": {
          "items": ["minecraft:diamond_hoe"]
        }
      }
    }
  },
  "rewards": {
    "experience": 150
  },
  "parent": "cheezsurv:cheezsurv/sell_to_villager"
}