{
  "display": {
    "title": {
      "text": "Magical Solutions"
    },
    "description": {
      "text": "Trade with a villager for an enchanted book of any type."
    },
    "icon": {
      "item": "minecraft:enchanted_book"
    },
    "frame": "goal",
    "show_toast": true,
    "announce_to_chat": true,
    "hidden": false
  },
  "criteria": {
    "trade": {
      "trigger": "minecraft:villager_trade",
      "conditions": {
        "item": {
          "item": "minecraft:enchanted_book",
          "count": {
            "min": 1,
            "max": 1
          }
        }
      }
    }
  },
  "rewards": {
    "experience": 50
  },
  "parent": "cheezsurv:cheezsurv/sell_to_villager"
}