{
  "display": {
    "title": {
      "text": "Roasted Marshmallow"
    },
    "description": {
      "text": "Kill a ghast by throwing a trident"
    },
    "icon": {
      "item": "minecraft:stick"
    },
    "frame": "challenge",
    "show_toast": true,
    "announce_to_chat": true,
    "hidden": false
  },
  "criteria": {
    "poison": {
      "trigger": "minecraft:player_killed_entity",
      "conditions": {
        "entity": {
          "type": "minecraft:ghast"
        },
        "killing_blow": {
          "is_projectile": true,
          "direct_entity": {
            "type": "minecraft:trident"
          }
        }
      }
    }
  },
  "rewards": {
    "experience": 150
  },
  "parent": "cheezsurv:cheezsurv/melee_ghast"
}