{
  "display": {
    "title": [
      {
        "text": "It"
      },
      {
        "text": " is ",
        "italic": true
      },
      {
        "text": "a Pitchfork"
      }
    ],
    "description": {
      "text": "Kill something using a trident"
    },
    "icon": {
      "item": "minecraft:trident"
    },
    "frame": "task",
    "show_toast": true,
    "announce_to_chat": true,
    "hidden": false
  },
  "criteria": {
    "melee": {
      "trigger": "minecraft:player_killed_entity",
      "conditions": {
        "killing_blow": {
          "source_entity": {
            "type": "minecraft:player",
            "equipment": {
              "mainhand": {
                "item": "minecraft:trident"
              }
            }
          }
        }
      }
    },
    "ranged": {
      "trigger": "minecraft:player_killed_entity",
      "conditions": {
        "killing_blow": {
          "is_projectile": true,
          "direct_entity": {
            "type": "minecraft:trident"
          }
        }
      }
    }
  },
  "requirements": [
    [
      "melee",
      "ranged"
    ]
  ],
  "rewards": {
    "experience": 15
  },
  "parent": "cheezsurv:cheezsurv/obtain_trident"
}