{
  "display": {
    "title": {
      "text": "Not Quite an Elytra"
    },
    "description": {
      "text": "Use a slow falling potion in preparation for the ender dragon fight."
    },
    "icon": {
      "item": "minecraft:potion",
      "nbt": "{Potion:\"minecraft:slow_falling\"}"
    },
    "frame": "task",
    "show_toast": true,
    "announce_to_chat": true,
    "hidden": false
  },
  "criteria": {
    "a": {
      "trigger": "minecraft:effects_changed",
      "conditions": {
        "effects": {
          "minecraft:slow_falling": {
            "duration": {
              "min": 1
            }
          }
        }
      }
    }
  },
  "rewards": {
    "experience": 100
  },
  "parent": "cheezsurv:cheezsurv/use_fire_resistance"
}