{
  "display": {
    "title": {
      "text": "Staying Frosty"
    },
    "description": {
      "text": "Use a fire resistance potion."
    },
    "icon": {
      "item": "minecraft:potion",
      "nbt": "{Potion:\"minecraft:fire_resistance\"}"
    },
    "frame": "task",
    "show_toast": true,
    "announce_to_chat": true,
    "hidden": false
  },
  "criteria": {
    "a": {
      "trigger": "minecraft:effects_changed",
      "conditions": {
        "effects": {
          "minecraft:fire_resistance": {
            "duration": {
              "min": 1
            }
          }
        }
      }
    }
  },
  "rewards": {
    "experience": 100
  },
  "parent": "cheezsurv:cheezsurv/brew_weakness_potion"
}